Year,"Educational attainment, at least Master's or equivalent, population 25+, female (%) (cumulative)","Educational attainment, at least Master's or equivalent, population 25+, male (%) (cumulative)","Educational attainment, at least Master's or equivalent, population 25+, total (%) (cumulative)","Educational attainment, Doctoral or equivalent, population 25+, female (%) (cumulative)","Educational attainment, Doctoral or equivalent, population 25+, male (%) (cumulative)","Educational attainment, Doctoral or equivalent, population 25+, total (%) (cumulative)"
2013,11.2082796096802,11.9544897079468,11.5664396286011,1.1878000497818,2.20736002922058,1.67716002464294
2014,11.6170196533203,11.9256401062012,11.76535987854,1.26415002346039,2.31552004814148,1.76947999000549
2015,11.9889698028564,12.00119972229,11.9948501586914,1.36390995979309,2.06640005111694,1.70131003856659
2016,12.6474800109863,12.5778503417969,12.6140098571777,1.48143005371094,2.2558000087738,1.85371994972229
2018,13.244930267334,12.8409404754639,13.0503797531128,1.64228999614716,2.45290994644165,2.03264999389648
2020,14.4822702407837,13.7692804336548,14.1386003494263,1.7606600522995,2.44090008735657,2.08855009078979
